## System ID,Tag Name,Retentive Mode,Initial Value,MODBUS Start Address,MODBUS End Address,Number of Characters,Number of Rows,Number of Columns,Wiring Label,Comment,Forceable,Init Forced,Init Force Value,Remote Access,I/O Address,Data Type,Structure Type,BOW Details
## 3.0
SBR-001008,"1 Minute Bit",false,"False",,,,,,,"On for 30 seconds and Off for 30 seconds",,,,false,,"SBR",,false,
SBR-001009,"2 Second Bit",false,"False",,,,,,,"On for 1 second and Off for 1 second",,,,false,,"SBR",,false,
SBR-001002,"Always Off Bit",false,"False",,,,,,,"always off",,,,false,,"SBR",,false,
SBR-001017,"Array out of range error",false,"False",,,,,,,"On if an array index is outside the range of the array",,,,false,,"SBR",,false,
SWR-001514,"Array range error rung location",false,"0",,,,,,,"Rung Number in which ""Array out of range error"" occurred",,,,false,,"SWR",,false,
SWR-001513,"Array range error task location",false,"0",,,,,,,"Task Number in which ""Array out of range error"" occurred",,,,false,,"SWR",,false,
SWR-001506,"Avg Logic Scan Time [x100=usec]",false,"0",,,,,,,"average logic scan time",,,,false,,"SWR",,false,
SWR-001503,"Avg Scan Interval [x100=usec]",false,"0",,,,,,,"average overall scan time",,,,false,,"SWR",,false,
SBR-001006,"Battery Disabled",false,"False",,,,,,,"On if the ""CPU Battery Alarm"" is disabled in H/W Configuration",,,,false,,"SBR",,false,
SBR-001005,"Battery Low Bit",false,"False",,,,,,,"On if the battery is weak (""CPU Battery Alarm"" in H/W Configuration)",,,,false,,"SBR",,false,
SWR-001518,"Battery Voltage",false,"0",,,,,,,"battery voltage in 10ths of a volt",,,,false,,"SWR",,false,
SSTR-000041,"CPU Event Log String 01",false,,,,50,,,,"most recent CPU event log message",,,,false,,"SSTR",,false,
SSTR-000042,"CPU Event Log String 02",false,,,,50,,,,"2nd most recent CPU event log message",,,,false,,"SSTR",,false,
SSTR-000043,"CPU Event Log String 03",false,,,,50,,,,"3rd most recent CPU event log message",,,,false,,"SSTR",,false,
SSTR-000044,"CPU Event Log String 04",false,,,,50,,,,"4th most recent CPU event log message",,,,false,,"SSTR",,false,
SSTR-000045,"CPU Event Log String 05",false,,,,50,,,,"5th most recent CPU event log message",,,,false,,"SSTR",,false,
SSTR-000046,"CPU Event Log String 06",false,,,,50,,,,"6th most recent CPU event log message",,,,false,,"SSTR",,false,
SSTR-000047,"CPU Event Log String 07",false,,,,50,,,,"7th most recent CPU event log message",,,,false,,"SSTR",,false,
SSTR-000048,"CPU Event Log String 08",false,,,,50,,,,"8th most recent CPU event log message",,,,false,,"SSTR",,false,
SSTR-000049,"CPU Event Log String 09",false,,,,50,,,,"9th most recent CPU event log message",,,,false,,"SSTR",,false,
SSTR-000050,"CPU Event Log String 10",false,,,,50,,,,"10th most recent CPU event log message",,,,false,,"SSTR",,false,
SSTR-000051,"CPU Event Log String 11",false,,,,50,,,,"11th most recent CPU event log message",,,,false,,"SSTR",,false,
SSTR-000052,"CPU Event Log String 12",false,,,,50,,,,"12th most recent CPU event log message",,,,false,,"SSTR",,false,
SSTR-000053,"CPU Event Log String 13",false,,,,50,,,,"13th most recent CPU event log message",,,,false,,"SSTR",,false,
SSTR-000054,"CPU Event Log String 14",false,,,,50,,,,"14th most recent CPU event log message",,,,false,,"SSTR",,false,
SSTR-000055,"CPU Event Log String 15",false,,,,50,,,,"15th most recent CPU event log message",,,,false,,"SSTR",,false,
SSTR-000056,"CPU Event Log String 16",false,,,,50,,,,"16th most recent CPU event log message",,,,false,,"SSTR",,false,
SSTR-000057,"CPU Event Log String 17",false,,,,50,,,,"17th most recent CPU event log message",,,,false,,"SSTR",,false,
SSTR-000058,"CPU Event Log String 18",false,,,,50,,,,"18th most recent CPU event log message",,,,false,,"SSTR",,false,
SSTR-000059,"CPU Event Log String 19",false,,,,50,,,,"19th most recent CPU event log message",,,,false,,"SSTR",,false,
SSTR-000060,"CPU Event Log String 20",false,,,,50,,,,"20th most recent CPU event log message",,,,false,,"SSTR",,false,
SSTR-000101,"CPU Model Name",false,,,,50,,,,"CPU Model (ex: ""P3-550"")",,,,false,,"SSTR",,false,
SSTR-000102,"CPU Program File Name",false,,,,50,,,,"CPU program file name",,,,false,,"SSTR",,false,
SBR-001001,"CPU in Run",false,"False",,,,,,,"On during Run or Debug mode",,,,false,,"SBR",,false,
SWR-001523,"Clock Day",false,"0",,,,,,,"current Real Time Clock Calendar Day",,,,false,,"SWR",,false,
SWRW-001754,"Clock Day Set",false,"0",,,,,,,"new Real Time Clock Day (set all 3 date values then set ""Initiate_New_Date"" on)",,,,false,,"SWRW",,false,
SWR-001522,"Clock Day of Week",false,"0",,,,,,,"current Real Time Clock Day of the week (1=Mon ...7=Sun)",,,,false,,"SWR",,false,
SWR-001521,"Clock Hours",false,"0",,,,,,,"current Real Time Clock Hours",,,,false,,"SWR",,false,
SWRW-001753,"Clock Hours Set",false,"0",,,,,,,"new Real Time Clock Hours (set all 3 time values then set ""Initiate_New_Time"" on)",,,,false,,"SWRW",,false,
SWR-001520,"Clock Minutes",false,"0",,,,,,,"current Real Time Clock Minutes",,,,false,,"SWR",,false,
SWRW-001752,"Clock Minutes Set",false,"0",,,,,,,"new Real Time Clock Minutes (set all 3 time values then set ""Initiate_New_Time"" on)",,,,false,,"SWRW",,false,
SWR-001524,"Clock Month",false,"0",,,,,,,"current Real Time Clock Calendar Month",,,,false,,"SWR",,false,
SWRW-001755,"Clock Month Set",false,"0",,,,,,,"new Real Time Clock Month (set all 3 date values then set ""Initiate_New_Date"" on)",,,,false,,"SWRW",,false,
SWR-001519,"Clock Seconds",false,"0",,,,,,,"current Real Time Clock Seconds",,,,false,,"SWR",,false,
SWRW-001751,"Clock Seconds Set",false,"0",,,,,,,"new Real Time Clock Seconds (set all 3 time values then set ""Initiate_New_Time"" on)",,,,false,,"SWRW",,false,
SWR-001525,"Clock Year",false,"0",,,,,,,"current Real Time Clock Calendar Year",,,,false,,"SWR",,false,
SWRW-001756,"Clock Year Set",false,"0",,,,,,,"new Real Time Clock Year (set all 3 date values then set ""Initiate_New_Date"" on)",,,,false,,"SWRW",,false,
SBR-001012,"Critical Error Bit",false,"False",,,,,,,"On when a critical error is active",,,,false,,"SBR",,false,
SWR-000001,"Critical Error Log 01",false,"0",,,,,,,"most recent critical error",,,,false,,"SWR",,false,
SWR-000002,"Critical Error Log 02",false,"0",,,,,,,"2nd most recent critical error",,,,false,,"SWR",,false,
SWR-000003,"Critical Error Log 03",false,"0",,,,,,,"3rd most recent critical error",,,,false,,"SWR",,false,
SWR-000004,"Critical Error Log 04",false,"0",,,,,,,"4th most recent critical error",,,,false,,"SWR",,false,
SWR-000005,"Critical Error Log 05",false,"0",,,,,,,"5th most recent critical error",,,,false,,"SWR",,false,
SWR-000006,"Critical Error Log 06",false,"0",,,,,,,"6th most recent critical error",,,,false,,"SWR",,false,
SWR-000007,"Critical Error Log 07",false,"0",,,,,,,"7th most recent critical error",,,,false,,"SWR",,false,
SWR-000008,"Critical Error Log 08",false,"0",,,,,,,"8th most recent critical error",,,,false,,"SWR",,false,
SWR-000009,"Critical Error Log 09",false,"0",,,,,,,"9th most recent critical error",,,,false,,"SWR",,false,
SWR-000010,"Critical Error Log 10",false,"0",,,,,,,"10th most recent critical error",,,,false,,"SWR",,false,
SWR-000011,"Critical Error Log 11",false,"0",,,,,,,"11th most recent critical error",,,,false,,"SWR",,false,
SWR-000012,"Critical Error Log 12",false,"0",,,,,,,"12th most recent critical error",,,,false,,"SWR",,false,
SWR-000013,"Critical Error Log 13",false,"0",,,,,,,"13th most recent critical error",,,,false,,"SWR",,false,
SWR-000014,"Critical Error Log 14",false,"0",,,,,,,"14th most recent critical error",,,,false,,"SWR",,false,
SWR-000015,"Critical Error Log 15",false,"0",,,,,,,"15th most recent critical error",,,,false,,"SWR",,false,
SWR-000016,"Critical Error Log 16",false,"0",,,,,,,"16th most recent critical error",,,,false,,"SWR",,false,
SWR-000017,"Critical Error Log 17",false,"0",,,,,,,"17th most recent critical error",,,,false,,"SWR",,false,
SWR-000018,"Critical Error Log 18",false,"0",,,,,,,"18th most recent critical error",,,,false,,"SWR",,false,
SWR-000019,"Critical Error Log 19",false,"0",,,,,,,"19th most recent critical error",,,,false,,"SWR",,false,
SWR-000020,"Critical Error Log 20",false,"0",,,,,,,"20th most recent critical error",,,,false,,"SWR",,false,
SSTR-000001,"Critical Error Log String 01",false,,,,50,,,,"most recent critical error message",,,,false,,"SSTR",,false,
SSTR-000002,"Critical Error Log String 02",false,,,,50,,,,"2nd most recent critical error message",,,,false,,"SSTR",,false,
SSTR-000003,"Critical Error Log String 03",false,,,,50,,,,"3rd most recent critical error message",,,,false,,"SSTR",,false,
SSTR-000004,"Critical Error Log String 04",false,,,,50,,,,"4th most recent critical error message",,,,false,,"SSTR",,false,
SSTR-000005,"Critical Error Log String 05",false,,,,50,,,,"5th most recent critical error message",,,,false,,"SSTR",,false,
SSTR-000006,"Critical Error Log String 06",false,,,,50,,,,"6th most recent critical error message",,,,false,,"SSTR",,false,
SSTR-000007,"Critical Error Log String 07",false,,,,50,,,,"7th most recent critical error message",,,,false,,"SSTR",,false,
SSTR-000008,"Critical Error Log String 08",false,,,,50,,,,"8th most recent critical error message",,,,false,,"SSTR",,false,
SSTR-000009,"Critical Error Log String 09",false,,,,50,,,,"9th most recent critical error message",,,,false,,"SSTR",,false,
SSTR-000010,"Critical Error Log String 10",false,,,,50,,,,"10th most recent critical error message",,,,false,,"SSTR",,false,
SSTR-000011,"Critical Error Log String 11",false,,,,50,,,,"11th most recent critical error message",,,,false,,"SSTR",,false,
SSTR-000012,"Critical Error Log String 12",false,,,,50,,,,"12th most recent critical error message",,,,false,,"SSTR",,false,
SSTR-000013,"Critical Error Log String 13",false,,,,50,,,,"13th most recent critical error message",,,,false,,"SSTR",,false,
SSTR-000014,"Critical Error Log String 14",false,,,,50,,,,"14th most recent critical error message",,,,false,,"SSTR",,false,
SSTR-000015,"Critical Error Log String 15",false,,,,50,,,,"15th most recent critical error message",,,,false,,"SSTR",,false,
SSTR-000016,"Critical Error Log String 16",false,,,,50,,,,"16th most recent critical error message",,,,false,,"SSTR",,false,
SSTR-000017,"Critical Error Log String 17",false,,,,50,,,,"17th most recent critical error message",,,,false,,"SSTR",,false,
SSTR-000018,"Critical Error Log String 18",false,,,,50,,,,"18th most recent critical error message",,,,false,,"SSTR",,false,
SSTR-000019,"Critical Error Log String 19",false,,,,50,,,,"19th most recent critical error message",,,,false,,"SSTR",,false,
SSTR-000020,"Critical Error Log String 20",false,,,,50,,,,"20th most recent critical error message",,,,false,,"SSTR",,false,
SWR-001510,"Current Critical Error",false,"0",,,,,,,"current critical error number",,,,false,,"SWR",,false,
SWR-001516,"Current I/O Config Error Base",false,"0",,,,,,,"I/O base in which ""I/O Configuration Error"" occurred",,,,false,,"SWR",,false,
SWR-001515,"Current I/O Config Error Group",false,"0",,,,,,,"I/O group in which ""I/O Configuration Error"" occurred",,,,false,,"SWR",,false,
SWR-001517,"Current I/O Config Error Slot",false,"0",,,,,,,"I/O slot in which ""I/O Configuration Error"" occurred",,,,false,,"SWR",,false,
SWR-001511,"Current Non-critical Error",false,"0",,,,,,,"current noncritical error number",,,,false,,"SWR",,false,
DI-0.1.1.1,"DI-0.1.1.1",false,"False",,,,,,,,false,false,"False",false,"DI-0.1.1.1","DI",,false,
DI-0.1.1.10,"DI-0.1.1.10",false,"False",,,,,,,,false,false,"False",false,"DI-0.1.1.10","DI",,false,
DI-0.1.1.11,"DI-0.1.1.11",false,"False",,,,,,,,false,false,"False",false,"DI-0.1.1.11","DI",,false,
DI-0.1.1.12,"DI-0.1.1.12",false,"False",,,,,,,,false,false,"False",false,"DI-0.1.1.12","DI",,false,
DI-0.1.1.13,"DI-0.1.1.13",false,"False",,,,,,,,false,false,"False",false,"DI-0.1.1.13","DI",,false,
DI-0.1.1.14,"DI-0.1.1.14",false,"False",,,,,,,,false,false,"False",false,"DI-0.1.1.14","DI",,false,
DI-0.1.1.15,"DI-0.1.1.15",false,"False",,,,,,,,false,false,"False",false,"DI-0.1.1.15","DI",,false,
DI-0.1.1.16,"DI-0.1.1.16",false,"False",,,,,,,,false,false,"False",false,"DI-0.1.1.16","DI",,false,
DI-0.1.1.2,"DI-0.1.1.2",false,"False",,,,,,,,false,false,"False",false,"DI-0.1.1.2","DI",,false,
DI-0.1.1.3,"DI-0.1.1.3",false,"False",,,,,,,,false,false,"False",false,"DI-0.1.1.3","DI",,false,
DI-0.1.1.4,"DI-0.1.1.4",false,"False",,,,,,,,false,false,"False",false,"DI-0.1.1.4","DI",,false,
DI-0.1.1.5,"DI-0.1.1.5",false,"False",,,,,,,,false,false,"False",false,"DI-0.1.1.5","DI",,false,
DI-0.1.1.6,"DI-0.1.1.6",false,"False",,,,,,,,false,false,"False",false,"DI-0.1.1.6","DI",,false,
DI-0.1.1.7,"DI-0.1.1.7",false,"False",,,,,,,,false,false,"False",false,"DI-0.1.1.7","DI",,false,
DI-0.1.1.8,"DI-0.1.1.8",false,"False",,,,,,,,false,false,"False",false,"DI-0.1.1.8","DI",,false,
DI-0.1.1.9,"DI-0.1.1.9",false,"False",,,,,,,,false,false,"False",false,"DI-0.1.1.9","DI",,false,
DO-0.1.2.10,"DO-0.1.2.10",false,"False",,,,,,,,false,false,"False",false,"DO-0.1.2.10","DO",,false,
DO-0.1.2.11,"DO-0.1.2.11",false,"False",,,,,,,,false,false,"False",false,"DO-0.1.2.11","DO",,false,
DO-0.1.2.12,"DO-0.1.2.12",false,"False",,,,,,,,false,false,"False",false,"DO-0.1.2.12","DO",,false,
DO-0.1.2.13,"DO-0.1.2.13",false,"False",,,,,,,,false,false,"False",false,"DO-0.1.2.13","DO",,false,
DO-0.1.2.14,"DO-0.1.2.14",false,"False",,,,,,,,false,false,"False",false,"DO-0.1.2.14","DO",,false,
DO-0.1.2.15,"DO-0.1.2.15",false,"False",,,,,,,,false,false,"False",false,"DO-0.1.2.15","DO",,false,
DO-0.1.2.16,"DO-0.1.2.16",false,"False",,,,,,,,false,false,"False",false,"DO-0.1.2.16","DO",,false,
DO-0.1.2.2,"DO-0.1.2.2",false,"False",,,,,,,,false,false,"False",false,"DO-0.1.2.2","DO",,false,
DO-0.1.2.3,"DO-0.1.2.3",false,"False",,,,,,,,false,false,"False",false,"DO-0.1.2.3","DO",,false,
DO-0.1.2.4,"DO-0.1.2.4",false,"False",,,,,,,,false,false,"False",false,"DO-0.1.2.4","DO",,false,
DO-0.1.2.5,"DO-0.1.2.5",false,"False",,,,,,,,false,false,"False",false,"DO-0.1.2.5","DO",,false,
DO-0.1.2.6,"DO-0.1.2.6",false,"False",,,,,,,,false,false,"False",false,"DO-0.1.2.6","DO",,false,
DO-0.1.2.7,"DO-0.1.2.7",false,"False",,,,,,,,false,false,"False",false,"DO-0.1.2.7","DO",,false,
DO-0.1.2.8,"DO-0.1.2.8",false,"False",,,,,,,,false,false,"False",false,"DO-0.1.2.8","DO",,false,
DO-0.1.2.9,"DO-0.1.2.9",false,"False",,,,,,,,false,false,"False",false,"DO-0.1.2.9","DO",,false,
C-000002,"Error",false,"False",,,,,,,,false,false,"False",false,,"C",,false,
SWR-001526,"Ethernet Speed [External]",false,"0",,,,,,,"""Ethernet"" port speed (Ethernet 10 or 100)",,,,false,,"SWR",,false,
SWR-001527,"Ethernet Speed [Internal]",false,"0",,,,,,,"""Remote I/O"" port speed (Ethernet 10 or 100)",,,,false,,"SWR",,false,
SBR-001004,"Every Other Scan Bit",false,"False",,,,,,,"toggles at the start of each scan",,,,false,,"SBR",,false,
STR-000001,"ExcResponse",false,,,,15,,,,,,,,false,,"STR",,false,
SWR-001509,"Firmware Version",false,"0",,,,,,,"CPU Firmware Version Number in Hex (ex: 0x0102 is version 01.02 or 1.2)",,,,false,,"SWR",,false,
SSTR-000104,"Firmware Version[CPU]",false,,,,50,,,,"CPU firmware version viewed as 001.000.009.023",,,,false,,"SSTR",,false,
SWR-001528,"Firmware Version[major]",false,"0",,,,,,,"CPU firmware Major version number in hex. (ex:  0x0100 =  major version 1.0)",,,,false,,"SWR",,false,
SWR-001529,"Firmware Version[minor]",false,"0",,,,,,,"CPU firmware Minor version number in hex. (ex: 0x0917 = minor version 9.23)",,,,false,,"SWR",,false,
SBR-001003,"First Scan Bit",false,"False",,,,,,,"On during first scan in Run or Debug mode",,,,false,,"SBR",,false,
SWR-001530,"First Scan Interval [x100=usec]",false,"0",,,,,,,"Holds the value of the First Scan time",,,,false,,"SWR",,false,
SBR-001007,"Forces Enabled",false,"False",,,,,,,"On if any forces are enabled",,,,false,,"SBR",,false,
DO-0.1.2.1,"GREEN ST1",false,"False",,,,,,,,false,false,"False",false,"DO-0.1.2.1","DO",,false,
SBR-001015,"I/O Configuration Error",false,"False",,,,,,,"On if actual I/O configuration and project I/O configuration do not match",,,,false,,"SBR",,false,
SBR-001014,"I/O Error",false,"False",,,,,,,"On for any module error (such as a blown fuse)",,,,false,,"SBR",,false,
SWRW-001758,"Identify Module Base Number",false,"0",,,,,,,"base number of module to be identified (See ""Requested Module Name"" tag)",,,,false,,"SWRW",,false,
SWRW-001757,"Identify Module Group Number",false,"0",,,,,,,"group number of module to be identified (See ""Requested Module Name"" tag)",,,,false,,"SWRW",,false,
SBRW-001005,"Identify Module Request bit",false,"False",,,,,,,"set On to refresh ""Requested Module Name"" tag per the 3 ""Identify"" GBS tags",,,,false,,"SBRW",,false,
SWRW-001759,"Identify Module Slot Number",false,"0",,,,,,,"slot number of module to be identified (See ""Requested Module Name"" tag)",,,,false,,"SWRW",,false,
C-000003,"InProgress",false,"False",,,,,,,,false,false,"False",false,,"C",,false,
SBRW-001002,"Initiate_New_Date",false,"False",,,,,,,"set On to change clock date (see ""Clock Year Set"" tag)",,,,false,,"SBRW",,false,
SBRW-001001,"Initiate_New_Time",false,"False",,,,,,,"set On to change clock time (see ""Clock Hours Set"" tag)",,,,false,,"SBRW",,false,
SWR-001504,"Last Logic Scan Time [x100=usec]",false,"0",,,,,,,"most recent logic scan time",,,,false,,"SWR",,false,
SWR-001501,"Last Scan Interval [x100=usec]",false,"0",,,,,,,"most recent overall scan time",,,,false,,"SWR",,false,
MST-0.0.0.1,"MST-0.0.0.1",false,"False",,,,,,,"RS232 Heartbeat Timeout Bit",false,false,"False",false,"MST-0.0.0.1","MST",,false,
MST-0.0.0.2,"MST-0.0.0.2",false,"False",,,,,,,"RS232 Port Buffer Full Bit (95% Full)",false,false,"False",false,"MST-0.0.0.2","MST",,false,
MST-0.0.0.3,"MST-0.0.0.3",false,"False",,,,,,,"RS232 Port Ready Bit",false,false,"False",false,"MST-0.0.0.3","MST",,false,
MST-0.0.0.33,"MST-0.0.0.33",false,"False",,,,,,,"RS485 Heartbeat Timeout Bit",false,false,"False",false,"MST-0.0.0.33","MST",,false,
MST-0.0.0.34,"MST-0.0.0.34",false,"False",,,,,,,"RS485 Port Buffer Full Bit (95% Full)",false,false,"False",false,"MST-0.0.0.34","MST",,false,
MST-0.0.0.35,"MST-0.0.0.35",false,"False",,,,,,,"RS485 Port Ready Bit",false,false,"False",false,"MST-0.0.0.35","MST",,false,
MST-0.0.0.65,"MST-0.0.0.65",false,"False",,,,,,,"Ethernet Heartbeat Timeout Bit",false,false,"False",false,"MST-0.0.0.65","MST",,false,
MST-0.0.0.66,"MST-0.0.0.66",false,"False",,,,,,,"Ethernet Port Buffer Full Bit (95% Full)",false,false,"False",false,"MST-0.0.0.66","MST",,false,
MST-0.0.0.67,"MST-0.0.0.67",false,"False",,,,,,,"Ethernet Port Ready Bit",false,false,"False",false,"MST-0.0.0.67","MST",,false,
MST-0.1.2.1,"MST-0.1.2.1",false,"False",,,,,,,"Fault (1)",false,false,"False",false,"MST-0.1.2.1","MST",,false,
MST-0.1.2.10,"MST-0.1.2.10",false,"False",,,,,,,"Fault (10)",false,false,"False",false,"MST-0.1.2.10","MST",,false,
MST-0.1.2.11,"MST-0.1.2.11",false,"False",,,,,,,"Fault (11)",false,false,"False",false,"MST-0.1.2.11","MST",,false,
MST-0.1.2.12,"MST-0.1.2.12",false,"False",,,,,,,"Fault (12)",false,false,"False",false,"MST-0.1.2.12","MST",,false,
MST-0.1.2.13,"MST-0.1.2.13",false,"False",,,,,,,"Fault (13)",false,false,"False",false,"MST-0.1.2.13","MST",,false,
MST-0.1.2.14,"MST-0.1.2.14",false,"False",,,,,,,"Fault (14)",false,false,"False",false,"MST-0.1.2.14","MST",,false,
MST-0.1.2.15,"MST-0.1.2.15",false,"False",,,,,,,"Fault (15)",false,false,"False",false,"MST-0.1.2.15","MST",,false,
MST-0.1.2.16,"MST-0.1.2.16",false,"False",,,,,,,"Fault (16)",false,false,"False",false,"MST-0.1.2.16","MST",,false,
MST-0.1.2.17,"MST-0.1.2.17",false,"False",,,,,,,"Missing 24V",false,false,"False",false,"MST-0.1.2.17","MST",,false,
MST-0.1.2.2,"MST-0.1.2.2",false,"False",,,,,,,"Fault (2)",false,false,"False",false,"MST-0.1.2.2","MST",,false,
MST-0.1.2.3,"MST-0.1.2.3",false,"False",,,,,,,"Fault (3)",false,false,"False",false,"MST-0.1.2.3","MST",,false,
MST-0.1.2.4,"MST-0.1.2.4",false,"False",,,,,,,"Fault (4)",false,false,"False",false,"MST-0.1.2.4","MST",,false,
MST-0.1.2.5,"MST-0.1.2.5",false,"False",,,,,,,"Fault (5)",false,false,"False",false,"MST-0.1.2.5","MST",,false,
MST-0.1.2.6,"MST-0.1.2.6",false,"False",,,,,,,"Fault (6)",false,false,"False",false,"MST-0.1.2.6","MST",,false,
MST-0.1.2.7,"MST-0.1.2.7",false,"False",,,,,,,"Fault (7)",false,false,"False",false,"MST-0.1.2.7","MST",,false,
MST-0.1.2.8,"MST-0.1.2.8",false,"False",,,,,,,"Fault (8)",false,false,"False",false,"MST-0.1.2.8","MST",,false,
MST-0.1.2.9,"MST-0.1.2.9",false,"False",,,,,,,"Fault (9)",false,false,"False",false,"MST-0.1.2.9","MST",,false,
C-000023,"Modbus_Coil_01",false,"False",000001,000001,,,,,,false,false,"False",false,,"C",,false,
C-000024,"Modbus_Coil_02",false,"False",000002,000002,,,,,,false,false,"False",false,,"C",,false,
C-000025,"Modbus_Coil_03",false,"False",000003,000003,,,,,,false,false,"False",false,,"C",,false,
C-000026,"Modbus_Coil_04",false,"False",000004,000004,,,,,,false,false,"False",false,,"C",,false,
C-000027,"Modbus_Coil_05",false,"False",000005,000005,,,,,,false,false,"False",false,,"C",,false,
C-000028,"Modbus_Coil_06",false,"False",000006,000006,,,,,,false,false,"False",false,,"C",,false,
C-000029,"Modbus_Coil_07",false,"False",000007,000007,,,,,,false,false,"False",false,,"C",,false,
C-000030,"Modbus_Coil_08",false,"False",000008,000008,,,,,,false,false,"False",false,,"C",,false,
C-000031,"Modbus_Coil_09",false,"False",000009,000009,,,,,,false,false,"False",false,,"C",,false,
C-000032,"Modbus_Coil_10",false,"False",000010,000010,,,,,,false,false,"False",false,,"C",,false,
C-000033,"Modbus_Coil_11",false,"False",000011,000011,,,,,,false,false,"False",false,,"C",,false,
C-000034,"Modbus_Coil_12",false,"False",000012,000012,,,,,,false,false,"False",false,,"C",,false,
C-000035,"Modbus_Coil_13",false,"False",000013,000013,,,,,,false,false,"False",false,,"C",,false,
C-000036,"Modbus_Coil_14",false,"False",000014,000014,,,,,,false,false,"False",false,,"C",,false,
C-000037,"Modbus_Coil_15",false,"False",000015,000015,,,,,,false,false,"False",false,,"C",,false,
C-000038,"Modbus_Coil_16",false,"False",000016,000016,,,,,,false,false,"False",false,,"C",,false,
C-000055,"Modbus_Coil_17",false,"False",000017,000017,,,,,,false,false,"False",false,,"C",,false,
C-000056,"Modbus_Coil_18",false,"False",000018,000018,,,,,,false,false,"False",false,,"C",,false,
C-000057,"Modbus_Coil_19",false,"False",000019,000019,,,,,,false,false,"False",false,,"C",,false,
C-000058,"Modbus_Coil_20",false,"False",000020,000020,,,,,,false,false,"False",false,,"C",,false,
C-000059,"Modbus_Coil_21",false,"False",000021,000021,,,,,,false,false,"False",false,,"C",,false,
C-000060,"Modbus_Coil_22",false,"False",000022,000022,,,,,,false,false,"False",false,,"C",,false,
C-000061,"Modbus_Coil_23",false,"False",000023,000023,,,,,,false,false,"False",false,,"C",,false,
C-000062,"Modbus_Coil_24",false,"False",000024,000024,,,,,,false,false,"False",false,,"C",,false,
C-000063,"Modbus_Coil_25",false,"False",000025,000025,,,,,,false,false,"False",false,,"C",,false,
C-000064,"Modbus_Coil_26",false,"False",000026,000026,,,,,,false,false,"False",false,,"C",,false,
C-000065,"Modbus_Coil_27",false,"False",000027,000027,,,,,,false,false,"False",false,,"C",,false,
C-000066,"Modbus_Coil_28",false,"False",000028,000028,,,,,,false,false,"False",false,,"C",,false,
C-000067,"Modbus_Coil_29",false,"False",000029,000029,,,,,,false,false,"False",false,,"C",,false,
C-000068,"Modbus_Coil_30",false,"False",000030,000030,,,,,,false,false,"False",false,,"C",,false,
C-000069,"Modbus_Coil_31",false,"False",000031,000031,,,,,,false,false,"False",false,,"C",,false,
C-000070,"Modbus_Coil_32",false,"False",000032,000032,,,,,,false,false,"False",false,,"C",,false,
SBR-001013,"Noncritical Error Bit",false,"False",,,,,,,"On when a noncritical error is active",,,,false,,"SBR",,false,
SWR-000021,"Noncritical Error Log 01",false,"0",,,,,,,"most recent noncritical error",,,,false,,"SWR",,false,
SWR-000022,"Noncritical Error Log 02",false,"0",,,,,,,"2nd most recent noncritical error",,,,false,,"SWR",,false,
SWR-000023,"Noncritical Error Log 03",false,"0",,,,,,,"3rd most recent noncritical error",,,,false,,"SWR",,false,
SWR-000024,"Noncritical Error Log 04",false,"0",,,,,,,"4th most recent noncritical error",,,,false,,"SWR",,false,
SWR-000025,"Noncritical Error Log 05",false,"0",,,,,,,"5th most recent noncritical error",,,,false,,"SWR",,false,
SWR-000026,"Noncritical Error Log 06",false,"0",,,,,,,"6th most recent noncritical error",,,,false,,"SWR",,false,
SWR-000027,"Noncritical Error Log 07",false,"0",,,,,,,"7th most recent noncritical error",,,,false,,"SWR",,false,
SWR-000028,"Noncritical Error Log 08",false,"0",,,,,,,"8th most recent noncritical error",,,,false,,"SWR",,false,
SWR-000029,"Noncritical Error Log 09",false,"0",,,,,,,"9th most recent noncritical error",,,,false,,"SWR",,false,
SWR-000030,"Noncritical Error Log 10",false,"0",,,,,,,"10th most recent noncritical error",,,,false,,"SWR",,false,
SWR-000031,"Noncritical Error Log 11",false,"0",,,,,,,"11th most recent noncritical error",,,,false,,"SWR",,false,
SWR-000032,"Noncritical Error Log 12",false,"0",,,,,,,"12th most recent noncritical error",,,,false,,"SWR",,false,
SWR-000033,"Noncritical Error Log 13",false,"0",,,,,,,"13th most recent noncritical error",,,,false,,"SWR",,false,
SWR-000034,"Noncritical Error Log 14",false,"0",,,,,,,"14th most recent noncritical error",,,,false,,"SWR",,false,
SWR-000035,"Noncritical Error Log 15",false,"0",,,,,,,"15th most recent noncritical error",,,,false,,"SWR",,false,
SWR-000036,"Noncritical Error Log 16",false,"0",,,,,,,"16th most recent noncritical error",,,,false,,"SWR",,false,
SWR-000037,"Noncritical Error Log 17",false,"0",,,,,,,"17th most recent noncritical error",,,,false,,"SWR",,false,
SWR-000038,"Noncritical Error Log 18",false,"0",,,,,,,"18th most recent noncritical error",,,,false,,"SWR",,false,
SWR-000039,"Noncritical Error Log 19",false,"0",,,,,,,"19th most recent noncritical error",,,,false,,"SWR",,false,
SWR-000040,"Noncritical Error Log 20",false,"0",,,,,,,"20th most recent noncritical error",,,,false,,"SWR",,false,
SSTR-000021,"Noncritical Error Log String 01",false,,,,50,,,,"most recent noncritical error message",,,,false,,"SSTR",,false,
SSTR-000022,"Noncritical Error Log String 02",false,,,,50,,,,"2nd most recent noncritical error message",,,,false,,"SSTR",,false,
SSTR-000023,"Noncritical Error Log String 03",false,,,,50,,,,"3rd most recent noncritical error message",,,,false,,"SSTR",,false,
SSTR-000024,"Noncritical Error Log String 04",false,,,,50,,,,"4th most recent noncritical error message",,,,false,,"SSTR",,false,
SSTR-000025,"Noncritical Error Log String 05",false,,,,50,,,,"5th most recent noncritical error message",,,,false,,"SSTR",,false,
SSTR-000026,"Noncritical Error Log String 06",false,,,,50,,,,"6th most recent noncritical error message",,,,false,,"SSTR",,false,
SSTR-000027,"Noncritical Error Log String 07",false,,,,50,,,,"7th most recent noncritical error message",,,,false,,"SSTR",,false,
SSTR-000028,"Noncritical Error Log String 08",false,,,,50,,,,"8th most recent noncritical error message",,,,false,,"SSTR",,false,
SSTR-000029,"Noncritical Error Log String 09",false,,,,50,,,,"9th most recent noncritical error message",,,,false,,"SSTR",,false,
SSTR-000030,"Noncritical Error Log String 10",false,,,,50,,,,"10th most recent noncritical error message",,,,false,,"SSTR",,false,
SSTR-000031,"Noncritical Error Log String 11",false,,,,50,,,,"11th most recent noncritical error message",,,,false,,"SSTR",,false,
SSTR-000032,"Noncritical Error Log String 12",false,,,,50,,,,"12th most recent noncritical error message",,,,false,,"SSTR",,false,
SSTR-000033,"Noncritical Error Log String 13",false,,,,50,,,,"13th most recent noncritical error message",,,,false,,"SSTR",,false,
SSTR-000034,"Noncritical Error Log String 14",false,,,,50,,,,"14th most recent noncritical error message",,,,false,,"SSTR",,false,
SSTR-000035,"Noncritical Error Log String 15",false,,,,50,,,,"15th most recent noncritical error message",,,,false,,"SSTR",,false,
SSTR-000036,"Noncritical Error Log String 16",false,,,,50,,,,"16th most recent noncritical error message",,,,false,,"SSTR",,false,
SSTR-000037,"Noncritical Error Log String 17",false,,,,50,,,,"17th most recent noncritical error message",,,,false,,"SSTR",,false,
SSTR-000038,"Noncritical Error Log String 18",false,,,,50,,,,"18th most recent noncritical error message",,,,false,,"SSTR",,false,
SSTR-000039,"Noncritical Error Log String 19",false,,,,50,,,,"19th most recent noncritical error message",,,,false,,"SSTR",,false,
SSTR-000040,"Noncritical Error Log String 20",false,,,,50,,,,"20th most recent noncritical error message",,,,false,,"SSTR",,false,
SWRW-000251,"Number of Critical Errors",false,"0",,,,,,,"number of critical errors",,,,false,,"SWRW",,false,
SWRW-000252,"Number of Non-critical Errors",false,"0",,,,,,,"number of noncritical errors",,,,false,,"SWRW",,false,
SWR-001505,"Peak Logic Scan Time [x100=usec]",false,"0",,,,,,,"longest logic scan time",,,,false,,"SWR",,false,
SWR-001502,"Peak Scan Interval [x100=usec]",false,"0",,,,,,,"longest overall scan time",,,,false,,"SWR",,false,
SBRW-001006,"Portable Memory Device Eject",false,"False",,,,,,,"Users set to 1(ON) and the system reset to 0 as eject is completed",,,,false,,"SBRW",,false,
SBR-000001,"Portable Memory Device Ready",false,"False",,,,,,,"PMD is installed and ready to use",,,,false,,"SBR",,false,
SWR-001512,"Program Memory Size",false,"0",,,,,,,"current percentage of CPU memory used by the project",,,,false,,"SWR",,false,
SBRW-001003,"Refresh Critical Error Log",false,"False",,,,,,,"set On to refresh the ""Critical Error Log""",,,,false,,"SBRW",,false,
SBRW-001004,"Refresh Non-Critical Error Log",false,"False",,,,,,,"set On to refresh the ""Noncritical Error Log""",,,,false,,"SBRW",,false,
SSTR-000103,"Requested Module Name",false,,,,50,,,,"name of specified module (see ""Identify Module Request bit"")",,,,false,,"SSTR",,false,
C-000004,"Success",false,"False",,,,,,,,false,false,"False",false,,"C",,false,
SBR-001010,"Switch in Run Bit",false,"False",,,,,,,"On if CPU Switch is up (Run)",,,,false,,"SBR",,false,
SBR-001011,"Switch in Stop Bit",false,"False",,,,,,,"On if CPU Switch is down (Stop)",,,,false,,"SBR",,false,
C-000005,"Timeout",false,"False",,,,,,,,false,false,"False",false,,"C",,false,
SWR-001507,"Total Scan Count1",false,"0",,,,,,,"total number of scans since entering Run mode (S32 low word)",,,,false,,"SWR",,false,
SWR-001508,"Total Scan Count2",false,"0",,,,,,,"total number of scans since entering Run mode (S32 high word)",,,,false,,"SWR",,false,
C-000071,"Was_DI-0.1.3.8",false,"False",,,,,,,,false,false,"False",false,,"DI",,false,
SBR-001016,"Watchdog Timeout",false,"False",,,,,,,"On if the actual scan time has exceeded the limit set in the project",,,,false,,"SBR",,false,
